{"stats":{"minecraft:picked_up":{"minecraft:wheat_seeds":1,"minecraft:dirt":16},"minecraft:custom":{"minecraft:jump":154,"minecraft:time_since_rest":28425,"minecraft:damage_dealt":214,"minecraft:damage_taken":265,"minecraft:leave_game":5,"minecraft:crouch_one_cm":57,"minecraft:play_time":29587,"minecraft:sprint_one_cm":40225,"minecraft:time_since_death":28397,"minecraft:walk_one_cm":29967,"minecraft:deaths":1,"minecraft:sneak_time":30,"minecraft:total_world_time":29587,"minecraft:fall_one_cm":836,"minecraft:fly_one_cm":72321},"minecraft:used":{"minecraft:dirt":1,"minecraft:grass_block":26},"minecraft:mined":{"minecraft:grass":1,"minecraft:grass_block":1},"minecraft:killed_by":{"minecraft:skeleton":1}},"DataVersion":3465}