{"stats":{"minecraft:picked_up":{"minecraft:dirt":16},"minecraft:custom":{"minecraft:jump":35,"minecraft:time_since_rest":1297,"minecraft:leave_game":1,"minecraft:deaths":1,"minecraft:damage_dealt":144,"minecraft:crouch_one_cm":50,"minecraft:sprint_one_cm":3680,"minecraft:play_time":2459,"minecraft:damage_taken":265,"minecraft:time_since_death":1269,"minecraft:walk_one_cm":3876,"minecraft:sneak_time":23,"minecraft:total_world_time":2459,"minecraft:fall_one_cm":836,"minecraft:fly_one_cm":6544},"minecraft:used":{"minecraft:dirt":1},"minecraft:mined":{"minecraft:grass":1,"minecraft:grass_block":1},"minecraft:killed_by":{"minecraft:skeleton":1}},"DataVersion":3465}