{"stats":{"minecraft:picked_up":{"minecraft:wheat_seeds":1,"minecraft:dirt":16},"minecraft:custom":{"minecraft:jump":111,"minecraft:time_since_rest":18784,"minecraft:damage_dealt":194,"minecraft:damage_taken":265,"minecraft:leave_game":4,"minecraft:crouch_one_cm":57,"minecraft:play_time":19946,"minecraft:sprint_one_cm":14766,"minecraft:time_since_death":18756,"minecraft:walk_one_cm":12562,"minecraft:deaths":1,"minecraft:sneak_time":25,"minecraft:total_world_time":19946,"minecraft:fall_one_cm":836,"minecraft:fly_one_cm":48414},"minecraft:used":{"minecraft:dirt":1,"minecraft:grass_block":25},"minecraft:mined":{"minecraft:grass":1,"minecraft:grass_block":1},"minecraft:killed_by":{"minecraft:skeleton":1}},"DataVersion":3465}